epoch,train_loss,train_acc
0,1.5697038173675537,0.41015625
1,1.289358139038086,0.508593738079071
2,1.0215940475463867,0.5960937738418579
3,0.7997597455978394,0.6578124761581421
4,0.7213849425315857,0.692187488079071
5,0.630297064781189,0.7281249761581421
6,0.5247837901115417,0.7710937261581421
7,0.5290294885635376,0.77734375
8,0.5243419408798218,0.8046875
9,0.38717007637023926,0.8414062261581421
